filename,id,language,date,author,title,gender,person,length
"DE_1771_La Roche,Sophievon_GeschichtedesFräuleinsvonSternheim_Novel.txt",1,German,1771,"La Roche,Sophievon",GeschichtedesFräuleinsvonSternheim,female,first,99070
"DE_1774_Goethe,Johann_DieLeidendesjungenWerthers1_Novel.txt",2,German,1774,"Goethe,Johann",DieLeidendesjungenWerthers1,male,first,34976
"DE_1774_Wieland,ChristophMartin_GeschichtederAbderiten_Novel.txt",3,German,1774,"Wieland,ChristophMartin",GeschichtederAbderiten,male,first,107398
"DE_1776_Nicolai,Friedrich_SebaldusNothanker_Novel.txt",4,German,1776,"Nicolai,Friedrich",SebaldusNothanker,male,third,122673
"DE_1779_Campe,Joachim_Robinson_Novel.txt",5,German,1779,"Campe,Joachim",Robinson,male,third,99439
"DE_1779_Jacobi,Friedrich_Woldemar_Novel.txt",6,German,1779,"Jacobi,Friedrich",Woldemar,male,third,29039
"DE_1780_Wezel,Johann_HermannundUlrike_Novel.txt",7,German,1780,"Wezel,Johann",HermannundUlrike,male,third,258327
"DE_1785_Moritz,KarlPhilipp_AntonReiser_Novel.txt",8,German,1785,"Moritz,KarlPhilipp",AntonReiser,male,third,131762
"DE_1786_Moritz,KarlPhilipp_AndreasHartknopf_Novel.txt",9,German,1786,"Moritz,KarlPhilipp",AndreasHartknopf,male,third,24992
"DE_1787_Heinse,Johann_Ardinghello_Novel.txt",10,German,1787,"Heinse,Johann",Ardinghello,male,first,103097
"DE_1788_Ehrmann,Marianne_Amalie.EinewahreGeschichteinBriefen_Novel.txt",11,German,1788,"Ehrmann,Marianne",Amalie.EinewahreGeschichteinBriefen,female,first,118135
"DE_1788_Ehrmann,Marianne_NinasBriefeanihrenGeliebten_Novel.txt",12,German,1788,"Ehrmann,Marianne",NinasBriefeanihrenGeliebten,female,first,43807
"DE_1788_Naubert,Benedikte_HermannvonUnna_Novel.txt",13,German,1788,"Naubert,Benedikte",HermannvonUnna,female,third,131008
"DE_1789_Schiller,Friedrich_DerGeisterseher_Novel.txt",14,German,1789,"Schiller,Friedrich",DerGeisterseher,male,first,42166
"DE_1791_Klinger,Friedrich_FaustsLeben_Novel.txt",15,German,1791,"Klinger,Friedrich",FaustsLeben,male,third,64352
"DE_1791_Knigge,Adolph_BenjaminNoldmann_Novel.txt",16,German,1791,"Knigge,Adolph",BenjaminNoldmann,male,first,93356
"DE_1791_Naubert,Benedikte_AlfvonDülmen_Novel.txt",17,German,1791,"Naubert,Benedikte",AlfvonDülmen,female,first,100413
"DE_1791_Naubert,Benedikte_DieAmtmanninvonHohenweiler_Novel.txt",18,German,1791,"Naubert,Benedikte",DieAmtmanninvonHohenweiler,female,first,114450
"DE_1792_Jacobi,Friedrich_EduardAllwill_Novel.txt",19,German,1792,"Jacobi,Friedrich",EduardAllwill,male,first,45891
"DE_1795_Goethe,Johann_WilhelmMeistersLehrjahre_Novel.txt",20,German,1795,"Goethe,Johann",WilhelmMeistersLehrjahre,male,third,196244
"DE_1795_Paul,Jean_Hesperus_Novel.txt",21,German,1795,"Paul,Jean",Hesperus,male,first,246175
"DE_1795_Wobeser,Karoline_Elisa_Novel.txt",22,German,1795,"Wobeser,Karoline",Elisa,female,third,74053
"DE_1796_Huber,Therese_FamilieSeldorf_Novel.txt",23,German,1796,"Huber,Therese",FamilieSeldorf,female,third,91940
"DE_1796_Huber,Therese_Luise_Novel.txt",24,German,1796,"Huber,Therese",Luise,female,third,39192
"DE_1796_Paul,Jean_QuintusFixlein_Novel.txt",25,German,1796,"Paul,Jean",QuintusFixlein,male,first,77012
"DE_1796_Tieck,Ludwig_WilliamLovell_Novel.txt",26,German,1796,"Tieck,Ludwig",WilliamLovell,male,third,159956
"DE_1797_Paul,Jean_Siebenkäs_Novel.txt",27,German,1797,"Paul,Jean",Siebenkäs,male,first,176825
"DE_1798_La Roche,Sophie von_ErscheinungenamSeeOneida_Novel.txt",28,German,1798,"La Roche,Sophie von",ErscheinungenamSeeOneida,female,first,102665
"DE_1798_Tieck,Ludwig_FranzSternbaldsWanderungen_Novel.txt",29,German,1798,"Tieck,Ludwig",FranzSternbaldsWanderungen,male,third,102628
"DE_1798_Unger,Friederike_JulchenGrünthal_Novel.txt",30,German,1798,"Unger,Friederike",JulchenGrünthal,female,third,97657
"DE_1798_Wolzogen,Caroline_AgnesvonLilien_Novel.txt",31,German,1798,"Wolzogen,Caroline",AgnesvonLilien,female,first,80184
DE_1799_Hölderlin_Hyperion_Novel.txt,32,German,1799,Hölderlin,Hyperion,male,first,76576
"DE_1799_Schlegel,Friedrich_Lucinde_Novel.txt",33,German,1799,"Schlegel,Friedrich",Lucinde,male,first,29976
DE_1800_Novalis_HeinrichvonOfterdingen_Novel.txt,34,German,1800,Novalis,HeinrichvonOfterdingen,male,first,45928
"DE_1801_Fischer,Caroline Auguste_VierzehnTageinParis_Novel.txt",35,German,1801,"Fischer,Caroline Auguste",VierzehnTageinParis,female,first,13485
"DE_1801_Fischer,CarolineAuguste_GustavsVerirrungen_Novel.txt",36,German,1801,"Fischer,CarolineAuguste",GustavsVerirrungen,female,first,19845
"DE_1801_Schlegel,Dorothea_Florentin_Novel.txt",37,German,1801,"Schlegel,Dorothea",Florentin,female,third,56847
"DE_1802_Arnim,Achimvon_HollinsLiebeleben_Novel.txt",38,German,1802,"Arnim,Achimvon",HollinsLiebeleben,male,third,26018
"DE_1802_Brentano,Clemens_Godwi_Novel.txt",39,German,1802,"Brentano,Clemens",Godwi,male,third,136736
"DE_1802_Fischer,CarolineAuguste_DieHonigmonathe_Novel.txt",40,German,1802,"Fischer,CarolineAuguste",DieHonigmonathe,female,third,33921
"DE_1803_Mereau,Sophie_AmandaundEduard_Novel.txt",41,German,1803,"Mereau,Sophie",AmandaundEduard,female,third,50624
"DE_1803_Paul,Jean_Titan_Novel.txt",42,German,1803,"Paul,Jean",Titan,male,first,263907
"DE_1804_Unger,FriederikeHelene_AlbertundAlbertine_Novel.txt",43,German,1804,"Unger,FriederikeHelene",AlbertundAlbertine,female,third,44727
"DE_1805_Klingemann,August_DieNachtwachendesBonaventura_Novel.txt",44,German,1805,"Klingemann,August",DieNachtwachendesBonaventura,male,first,38708
"DE_1805_Paul,Jean_Flegeljahre_Novel.txt",45,German,1805,"Paul,Jean",Flegeljahre,male,third,156984
"DE_1806_Unger,FriederikeHelene_BekenntnisseeinerschönenSeele_Novel.txt",46,German,1806,"Unger,FriederikeHelene",BekenntnisseeinerschönenSeele,female,first,49392
"DE_1809_Goethe,Johann_DieWahlverwandtschaften_Novel.txt",47,German,1809,"Goethe,Johann",DieWahlverwandtschaften,male,third,79937
"DE_1810_Arnim,Achimvon_ArmutReichtumSchuldUndBusseDerGrafinDolores_Novel.txt",48,German,1810,"Arnim,Achimvon",ArmutReichtumSchuldUndBusseDerGrafinDolores,male,third,165680
"DE_1810_Fouqué,CarolinedelaMotte_DieFraudesFalkensteins_Novel.txt",49,German,1810,"Fouqué,CarolinedelaMotte",DieFraudesFalkensteins,female,third,66378
"DE_1812_Fischer,CarolineAuguste_Margarethe_Novel.txt",50,German,1812,"Fischer,CarolineAuguste",Margarethe,female,third,37813
"DE_1812_Fouqué,CarolinedelaMotte_MagiederNatur_Novel.txt",51,German,1812,"Fouqué,CarolinedelaMotte",MagiederNatur,female,third,41947
"DE_1814_Ahlefeld,Charlottevon_MarieMüller_Novel.txt",52,German,1814,"Ahlefeld,Charlottevon",MarieMüller,female,third,42668
"DE_1815_Eichendorff,Josephvon_AhnungUndGegenwart_Novel.txt",53,German,1815,"Eichendorff,Josephvon",AhnungUndGegenwart,male,third,97780
"DE_1815_Hoffmann,E.T.A_DieElixiereDesTeufels_Novel.txt",54,German,1815,"Hoffmann,E.T.A",DieElixiereDesTeufels,male,first,146276
"DE_1817_Arnim,Achimvon_DieKronenwachterErsterBandBertholdsErstesUndZweitesLeben_Novel.txt",55,German,1817,"Arnim,Achimvon",DieKronenwachterErsterBandBertholdsErstesUndZweitesLeben,male,third,101414
"DE_1820_Ahlefeld,Charlottevon_Erna_Novel.txt",56,German,1820,"Ahlefeld,Charlottevon",Erna,female,third,55838
"DE_1820_Hoffmann,E.T.A_LebensAnsichtenDesKatersMurr_Novel.txt",57,German,1820,"Hoffmann,E.T.A",LebensAnsichtenDesKatersMurr,male,first,134752
"DE_1821_Schopenhauer,Johanna_Gabriele_Novel.txt",58,German,1821,"Schopenhauer,Johanna",Gabriele,female,third,153448
"DE_1822_Bernhardi,Sophie_Evremont_Novel.txt",59,German,1822,"Bernhardi,Sophie",Evremont,female,third,223621
"DE_1822_Huber,Therese_EllenPercy_Novel.txt",60,German,1822,"Huber,Therese",EllenPercy,female,first,88482
"DE_1823_Schopenhauer,Johanna_DieTante_Novel.txt",61,German,1823,"Schopenhauer,Johanna",DieTante,female,third,122436
"DE_1826_Eichendorff,Josephvon_AusDemLebenEinesTaugenichts_Novel.txt",62,German,1826,"Eichendorff,Josephvon",AusDemLebenEinesTaugenichts,male,first,37866
"DE_1826_Hauff,Wilhelm_Lichtenstein_Novel.txt",63,German,1826,"Hauff,Wilhelm",Lichtenstein,male,third,125971
DE_1827_Clauren_LiebeundIrrthum_Novel.txt,64,German,1827,Clauren,LiebeundIrrthum,male,third,45828
"DE_1827_Hauff,Wilhelm_MemoirendesSatan_Novel.txt",65,German,1827,"Hauff,Wilhelm",MemoirendesSatan,male,first,89751
"DE_1829_Goethe,Johann_WilhelmMeistersWanderjahre_Novel.txt",66,German,1829,"Goethe,Johann",WilhelmMeistersWanderjahre,male,third,135319
"DE_1832_Mörike,Eduard_MalerNolten_Novel.txt",67,German,1832,"Mörike,Eduard",MalerNolten,male,third,131941
"DE_1833_Laube,Heinrich_DiePoeten_Novel.txt",68,German,1833,"Laube,Heinrich",DiePoeten,male,third,63306
"DE_1835_Arnim,Bettinevon_Goethe'sBriefwechselMitEinemKinde_Novel.txt",69,German,1835,"Arnim,Bettinevon",Goethe'sBriefwechselMitEinemKinde,female,third,130592
"DE_1835_Gutzkow,Karl_Wally_Novel.txt",70,German,1835,"Gutzkow,Karl",Wally,male,third,36356
"DE_1836_Immermann,Karl_DieEpigonen_Novel.txt",71,German,1836,"Immermann,Karl",DieEpigonen,male,third,196172
"DE_1836_Tieck,Ludwig_DerjungeTischlermeister_Novel.txt",72,German,1836,"Tieck,Ludwig",DerjungeTischlermeister,male,third,125594
"DE_1837_Schopenhauer,Johanna_RichardWood_Novel.txt",73,German,1837,"Schopenhauer,Johanna",RichardWood,female,third,112366
"DE_1839_Immermann,Karl_Münchhausen_Novel.txt",74,German,1839,"Immermann,Karl",Münchhausen,male,third,248834
"DE_1841_Hahn-Hahn,Ida_Gräfin Faustine_Novel.txt",75,German,1841,"Hahn-Hahn,Ida",Gräfin Faustine,female,third,49707
"DE_1843_Lewald,Fanny_Clementine_Novel.txt",76,German,1843,"Lewald,Fanny",Clementine,female,third,33933
"DE_1843_Lewald,Fanny_Jenny_Novel.txt",77,German,1843,"Lewald,Fanny",Jenny,female,third,94902
"DE_1844_Achim,Bettinevon_ClemensBrentano'sFrühlingskranz_Novel.txt",78,German,1844,"Achim,Bettinevon",ClemensBrentano'sFrühlingskranz,female,third,92239
"DE_1845_Keller,Gottfried_DerGrüneHeinrichErsteFassung_Novel.txt",79,German,1845,"Keller,Gottfried",DerGrüneHeinrichErsteFassung,male,third,268251
"DE_1845_Lewald,Fanny_EineLebensfrage_Novel.txt",80,German,1845,"Lewald,Fanny",EineLebensfrage,female,third,92133
"DE_1845_Schopenhauer,Adele_Anna_Novel.txt",81,German,1845,"Schopenhauer,Adele",Anna,female,third,89860
"DE_1846_Alexis,Willibald_Die HosendesHerrnvonBredow_Novel.txt",82,German,1846,"Alexis,Willibald",Die HosendesHerrnvonBredow,male,third,110190
"DE_1846_Gotthelf,Jeremias_WieUliderKnecht_Novel.txt",83,German,1846,"Gotthelf,Jeremias",WieUliderKnecht,male,third,133699
"DE_1846_Hahn-Hahn,Ida_Sibylle_Novel.txt",84,German,1846,"Hahn-Hahn,Ida",Sibylle,female,first,111149
"DE_1846_Otto,Louise_SchloßundFabrik_Novel.txt",85,German,1846,"Otto,Louise",SchloßundFabrik,female,third,113350
"DE_1847_Aston,Louise_AusdemLebeneinerFrau.txt",86,German,1847,"Aston,Louise",AusdemLebeneinerFrau.txt,female,third,23434
"DE_1849_Gotthelf,Jeremias_UliderPächter_Novel.txt",87,German,1849,"Gotthelf,Jeremias",UliderPächter,male,third,149819
"DE_1849_Weerth,Georg_RitterSchnapphahnski_Novel.txt",88,German,1849,"Weerth,Georg",RitterSchnapphahnski,male,third,47534
"DE_1852_Alexis,Willibald_RuheistdieersteBürgerpflicht_Novel.txt",89,German,1852,"Alexis,Willibald",RuheistdieersteBürgerpflicht,male,third,309872
"DE_1854_Arnim,Achimvon_DieKronenwachterZweiterBand_Novel.txt",90,German,1854,"Arnim,Achimvon",DieKronenwachterZweiterBand,male,third,88557
"DE_1855_Freytag,Gustav_SollundHaben_Novel.txt",91,German,1855,"Freytag,Gustav",SollundHaben,male,third,286858
"DE_1857_Stifter,Adalbert_DerNachsommer_Novel.txt",92,German,1857,"Stifter,Adalbert",DerNachsommer,male,first,248755
"DE_1861_Spielhagen,Friedrich_ProblematischeNaturen1_Novel.txt",93,German,1861,"Spielhagen,Friedrich",ProblematischeNaturen1,male,third,133899
"DE_1861_Spielhagen,Friedrich_ProblematischeNaturen2_Novel.txt",94,German,1861,"Spielhagen,Friedrich",ProblematischeNaturen2,male,third,125460
"DE_1864_Lewald,Fanny_VonGeschlechtzuGeschlecht_Novel.txt",95,German,1864,"Lewald,Fanny",VonGeschlechtzuGeschlecht,female,third,456428
"DE_1864_Raabe,Wilhelm_DerHungerpastor_Novel.txt",96,German,1864,"Raabe,Wilhelm",DerHungerpastor,male,third,142810
"DE_1866_Marlitt,Eugenie_Goldelse_Novel.txt",97,German,1866,"Marlitt,Eugenie",Goldelse,female,third,99827
"DE_1867_Marlitt,Eugenie_DasGeheimnisderaltenMamsell_Novel.txt",98,German,1867,"Marlitt,Eugenie",DasGeheimnisderaltenMamsell,female,third,88825
"DE_1867_Raabe,Wilhelm_AbuTelfan_Novel.txt",99,German,1867,"Raabe,Wilhelm",AbuTelfan,male,third,116759
"DE_1869_Spielhagen,Friedrich_HammerundAmboß_Novel.txt",100,German,1869,"Spielhagen,Friedrich",HammerundAmboß,male,first,204688
"DE_1870_Raabe,Wilhelm_DerSchüdderump_Novel.txt",101,German,1870,"Raabe,Wilhelm",DerSchüdderump,male,first,116401
"DE_1871_François,Louisevon_DieletzteReckenburgerin_Novel.txt",102,German,1871,"François,Louisevon",DieletzteReckenburgerin,female,third,92062
"DE_1875_Otto,Louise_AnNürnberg_Novel.txt",103,German,1875,"Otto,Louise",AnNürnberg,female,third,155277
"DE_1876_EbnerEschenbach,Maria_Bozena_Novel.txt",104,German,1876,"EbnerEschenbach,Maria",Bozena,female,third,62652
"DE_1877_François,Louisevon_StufenjahreeinesGlücklichen_Novel.txt",105,German,1877,"François,Louisevon",StufenjahreeinesGlücklichen,female,third,163821
"DE_1880_Spyri,Johanna_HeidesLehrundWanderjahre_Novel.txt",106,German,1880,"Spyri,Johanna",HeidesLehrundWanderjahre,female,third,51179
"DE_1881_Spyri,Johanna_Heidekannbrauchen_Novel.txt",107,German,1881,"Spyri,Johanna",Heidekannbrauchen,female,third,37293
"DE_1884_Anzengruber,Ludwig_Sternsteinhof_Novel.txt",108,German,1884,"Anzengruber,Ludwig",Sternsteinhof,male,third,84509
"DE_1885_Marlitt,Eugenie_DieFraumitdenKarfunkelsteinen_Novel.txt",109,German,1885,"Marlitt,Eugenie",DieFraumitdenKarfunkelsteinen,female,third,95543
"DE_1886_Fontane,Theodor_Cecile_Novel.txt",110,German,1886,"Fontane,Theodor",Cecile,male,third,55370
"DE_1887_EbnerEschenbach,Maria_DasGemeindeKind_Novel.txt",111,German,1887,"EbnerEschenbach,Maria",DasGemeindeKind,female,third,63848
"DE_1887_Fontane,Theodor_Irrungen,Wirrungen_Novel.txt",112,German,1887,"Fontane,Theodor","Irrungen,Wirrungen",male,third,51457
"DE_1889_Boy-Ed,Ida_Fanny Förster_Novel.txt",113,German,1889,"Boy-Ed,Ida",Fanny Förster,female,third,55329
"DE_1889_Suttner,Bertha_DieWaffennieder!_Novel.txt",114,German,1889,"Suttner,Bertha",DieWaffennieder!,female,first,75981
"DE_1890_Bahr,Hermann_DieguteSchule_Novel.txt",115,German,1890,"Bahr,Hermann",DieguteSchule,male,third,52589
"DE_1891_Fontane,Theodor_Unwiederbringlich_Novel.txt",116,German,1891,"Fontane,Theodor",Unwiederbringlich,male,third,81252
"DE_1892_Christen,Ada_JungferMutter_Novel.txt",117,German,1892,"Christen,Ada",JungferMutter,female,third,39228
"DE_1892_Fontane,Theodor_FrauJennyTreibel_Novel.txt",118,German,1892,"Fontane,Theodor",FrauJennyTreibel,male,third,59237
"DE_1895_Fontane,Theodor_EffieBriest_Novel.txt",119,German,1895,"Fontane,Theodor",EffieBriest,male,third,95331
"DE_1896_Janitschek,Maria_Ninive_Novel.txt",120,German,1896,"Janitschek,Maria",Ninive,female,third,45208
"DE_1897_Bierbaum,Otto_Stilpe_Novel.txt",121,German,1897,"Bierbaum,Otto",Stilpe,male,first,59252
"DE_1897_Dohm,Hedwig_SibillaDalmar_Novel.txt",122,German,1897,"Dohm,Hedwig",SibillaDalmar,female,third,80062
"DE_1897_Janitschek,Maria_Die Amazonenschlacht_Novel.txt",123,German,1897,"Janitschek,Maria",Die Amazonenschlacht,female,third,17766
"DE_1897_Scheerbart,Paul_Tarub,BagdadsKöchin_Novel.txt",124,German,1897,"Scheerbart,Paul","Tarub,BagdadsKöchin",male,third,51675
"DE_1898_Spielhagen,Friedrich_Faustulus_Novel.txt",125,German,1898,"Spielhagen,Friedrich",Faustulus,male,third,68123
"DE_1900_Duncker,Dora_Großstadt_Novel.txt",126,German,1900,"Duncker,Dora",Großstadt,female,third,71626
"DE_1902_Dohm,Hedwig_ChristaRuland_Novel.txt",127,German,1902,"Dohm,Hedwig",ChristaRuland,female,third,50555
"DE_1902_Suttner,Berthavon_Martha'sKinder_Novel.txt",128,German,1902,"Suttner,Berthavon",Martha'sKinder,female,third,84952
"DE_1903_Frapan,Ilse_Arbeit_Novel.txt",129,German,1903,"Frapan,Ilse",Arbeit,female,third,75373
"DE_1903_Heyking,Elisabethvon_Briefe,dieihnnichterreichten_Novel.txt",130,German,1903,"Heyking,Elisabethvon","Briefe,dieihnnichterreichten",female,first,47883
"DE_1903_Reventlow,Franziska_EllenOlesjerne_Novel.txt",131,German,1903,"Reventlow,Franziska",EllenOlesjerne,female,third,61451
"DE_1904_MüllerJahnke,Clara_Ichbekenne_Novel.txt",132,German,1904,"MüllerJahnke,Clara",Ichbekenne,female,first,47553
"DE_1905_Meysenbug,Malwida_HimmlischeundirdischeLiebe_Novel.txt",133,German,1905,"Meysenbug,Malwida",HimmlischeundirdischeLiebe,female,third,37865
"DE_1906_Thoma,Ludwig_AndreasVöst_Novel.txt",134,German,1906,"Thoma,Ludwig",AndreasVöst,male,third,76150
"DE_1910_Rilke,RainerMaria_MalteLauridsBrigge_Novel.txt",135,German,1910,"Rilke,RainerMaria",MalteLauridsBrigge,male,first,59278
"DE_1911_MeiselHess,Grete_DieIntellektuellen_Novel.txt",136,German,1911,"MeiselHess,Grete",DieIntellektuellen,female,third,98912
"DE_1912_Christ,Lena_ErinnerungeneinerÜberflüssigen_Novel.txt",137,German,1912,"Christ,Lena",ErinnerungeneinerÜberflüssigen,female,third,67948
"DE_1912_Reventlow,Franziska_VonPaulzuPedro_Novel.txt",138,German,1912,"Reventlow,Franziska",VonPaulzuPedro,female,third,20925
"DE_1913_Scheerbart,Paul_LesabendioEinAsteroiderRoman_Novel.txt",139,German,1913,"Scheerbart,Paul",LesabendioEinAsteroiderRoman,male,third,49891
"DE_1914_Christ,Lena_MathiasBichler_Novel.txt",140,German,1914,"Christ,Lena",MathiasBichler,female,first,68994
"DE_1914_Kafka,Franz_Amerika_Novel.txt",141,German,1914,"Kafka,Franz",Amerika,male,third,83796
"DE_1914_Keyking,Elisabeth_Tschun_Novel.txt",142,German,1914,"Keyking,Elisabeth",Tschun,female,third,62781
"DE_1915_Braun,Lily_Lebenssucher_Novel.txt",143,German,1915,"Braun,Lily",Lebenssucher,female,third,115272
"DE_1915_Kafka,Franz,DerProzeß_Novel.txt",144,German,1915,"Kafka,Franz",DerProzeß,male,third,70691
"DE_1916_Reventlow,Franziska_DerGeldcomplex_Novel.txt",145,German,1916,"Reventlow,Franziska",DerGeldcomplex,female,first,24812
"DE_1918_Ball,Hugo_Flammetti_Novel.txt",146,German,1918,"Ball,Hugo",Flammetti,male,third,45771
"DE_1920_Christ,Lena_MadamBäurin_Novel.txt",147,German,1920,"Christ,Lena",MadamBäurin,female,third,34039
"DE_1922_Kafka,Franz_DasSchloß_Novel.txt",148,German,1922,"Kafka,Franz",DasSchloß,male,third,107862
"DE_1930_Roth,Joseph_Hiob_Novel.txt",149,German,1930,"Roth,Joseph",Hiob,male,third,50299
"DE_1932_Roth,Joseph_Radetzkymarsch_Novel.txt",150,German,1932,"Roth,Joseph",Radetzkymarsch,male,third,117035
"EN_1771_Mackenzie,Henry_TheManofFeeling_Novel.txt",151,English,1771,"Mackenzie,Henry",TheManofFeeling,male,first,36458
"EN_1771_Smollett,Tobias_TheExpedictionofHenryClinker_Novel.txt",152,English,1771,"Smollett,Tobias",TheExpedictionofHenryClinker,male,first,148261
"EN_1778_Burney,Fanny_Evelina_Novel.txt",153,English,1778,"Burney,Fanny",Evelina,female,first,154168
"EN_1782_Burney,Fanny_Cecilia_Novel.txt",154,English,1782,"Burney,Fanny",Cecilia,female,third,328981
"EN_1786_Beckford,William_Vathek_Novel.txt",155,English,1786,"Beckford,William",Vathek,male,third,36077
"EN_1788_Wollstonecraft,Mary_Mary_Novel.txt",156,English,1788,"Wollstonecraft,Mary",Mary,female,third,23275
"EN_1790_Radcliffe,Ann_ASicilianRomance_Novel.txt",157,English,1790,"Radcliffe,Ann",ASicilianRomance,female,third,67455
"EN_1794_Godwin,William_CalebWilliams_Novel.txt",158,English,1794,"Godwin,William",CalebWilliams,male,first,143832
"EN_1794_Radcliffe,Ann_TheMysteriesofUdolpho_Novel.txt",159,English,1794,"Radcliffe,Ann",TheMysteriesofUdolpho,female,third,290334
"EN_1794_Rowson,Susanna_CharlotteTemple_Novel.txt",160,English,1794,"Rowson,Susanna",CharlotteTemple,female,third,36551
"EN_1795_Lewis,Matthew_TheMonk_Novel.txt",161,English,1795,"Lewis,Matthew",TheMonk,male,third,136957
"EN_1796_Bonhote,Elizabeth_BungayCastle_Novel.txt",162,English,1796,"Bonhote,Elizabeth",BungayCastle,female,third,86392
"EN_1796_Burney,Fanny_Camilla_Novel.txt",163,English,1796,"Burney,Fanny",Camilla,female,third,356088
"EN_1796_Hays,Mary_EmmaCourtney_Novel.txt",164,English,1796,"Hays,Mary",EmmaCourtney,female,first,62704
"EN_1797_Foster,HannahWebster_TheCoquette_Novel.txt",165,English,1797,"Foster,HannahWebster",TheCoquette,female,first,52925
"EN_1798_Brown,CharlesBrockden_Wieland_Novel.txt",166,English,1798,"Brown,CharlesBrockden",Wieland,male,first,82291
"EN_1798_Wollstonecraft,Mary_Maria_Novel.txt",167,English,1798,"Wollstonecraft,Mary",Maria,female,third,44506
"EN_1799_Brown,CharlesBrockden_ArthurMervyn_Novel.txt",168,English,1799,"Brown,CharlesBrockden",ArthurMervyn,male,first,148810
"EN_1800_Edgeworth,Maria_CastleRackrent_Novel.txt",169,English,1800,"Edgeworth,Maria",CastleRackrent,female,first,35578
"EN_1801_Edgeworth,Maria_Belinda_Novel.txt",170,English,1801,"Edgeworth,Maria",Belinda,female,third,177692
"EN_1804_Opie,Amelia_AdelineMowbray_Novel.txt",171,English,1804,"Opie,Amelia",AdelineMowbray,female,first,106090
"EN_1805_Lewis,Matthew_TheBravoofVenice_Novel.txt",172,English,1805,"Lewis,Matthew",TheBravoofVenice,male,third,33088
"EN_1806_Edgeworth,Maria_Leonora_Novel.txt",173,English,1806,"Edgeworth,Maria",Leonora,female,first,65764
"EN_1809_More,Hannah_CoelebsinSearchofaWife_Novel.txt",174,English,1809,"More,Hannah",CoelebsinSearchofaWife,female,first,136597
"EN_1811_Austen,Jane_SenseandSensibility_Novel.txt",175,English,1811,"Austen,Jane",SenseandSensibility,female,third,118511
"EN_1813_Austen,Jane_PrideandPrejudice_Novel.txt",176,English,1813,"Austen,Jane",PrideandPrejudice,female,third,121781
"EN_1814_Austen,Jane_MansfieldPark_Novel.txt",177,English,1814,"Austen,Jane",MansfieldPark,female,third,159529
"EN_1814_Scott,Walter_Waverley_Novel.txt",178,English,1814,"Scott,Walter",Waverley,male,first,194960
"EN_1815_Peacock,ThomasLove_HeadlongHall_Novel.txt",179,English,1815,"Peacock,ThomasLove",HeadlongHall,male,third,27259
"EN_1817_Scott,Walter_RobRoy_Novel.txt",180,English,1817,"Scott,Walter",RobRoy,male,first,158858
"EN_1818_Peacock,ThomasLove_NightmareAbbey_Novel.txt",181,English,1818,"Peacock,ThomasLove",NightmareAbbey,male,first,26571
"EN_1818_Shelley,Mary_Frankenstein_Novel.txt",182,English,1818,"Shelley,Mary",Frankenstein,female,third,75567
"EN_1819_Shelley,Mary_Mathilda_Novel.txt",183,English,1819,"Shelley,Mary",Mathilda,female,first,38254
"EN_1820_Scott,Walter_Ivanhoe_Novel.txt",184,English,1820,"Scott,Walter",Ivanhoe,male,third,175069
"EN_1821_Galt,John_AnnalsoftheParish_Novel.txt",185,English,1821,"Galt,John",AnnalsoftheParish,male,first,65380
"EN_1821_Peacock,ThomasLove_MaidMarian_Novel.txt",186,English,1821,"Peacock,ThomasLove",MaidMarian,male,third,35740
"EN_1822_Hogg,James_ThreePerilsofMan_Novel.txt",187,English,1822,"Hogg,James",ThreePerilsofMan,male,third,211224
"EN_1823_Cooper,JamesFenimore_ThePioneers_Novel.txt",188,English,1823,"Cooper,JamesFenimore",ThePioneers,male,third,169930
"EN_1826_Cooper,JameFenimore_TheLastoftheMohicans_Novel.txt",189,English,1826,"Cooper,JameFenimore",TheLastoftheMohicans,male,third,146852
"EN_1826_Disraeli,Benjamin_VivianGrey_Novel.txt",190,English,1826,"Disraeli,Benjamin",VivianGrey,male,third,192086
"EN_1836_Child,Lydia_Philothea_Novel.txt",191,English,1836,"Child,Lydia",Philothea,female,third,72983
"EN_1837_Disraeli,Benjamin_Venetia_Novel.txt",192,English,1837,"Disraeli,Benjamin",Venetia,male,third,160505
"EN_1837_Trollope,FrancesMilton_TheVicarofWrexham_Novel.txt",193,English,1837,"Trollope,FrancesMilton",TheVicarofWrexham,female,third,168844
"EN_1838_Martineau,Harriet_Deerbrook_Novel.txt",194,English,1838,"Martineau,Harriet",Deerbrook,female,third,220822
"EN_1838_Poe,EdgarAllen_TheNarrativeofArthurGordonPym_Novel.txt",195,English,1838,"Poe,EdgarAllen",TheNarrativeofArthurGordonPym,male,first,99298
"EN_1843_Borrow,George_TheBibleinSpain_Novel.txt",196,English,1843,"Borrow,George",TheBibleinSpain,male,first,220404
"EN_1844_Yonge,Charlotte_Abbeychurch_Novel.txt",197,English,1844,"Yonge,Charlotte",Abbeychurch,female,third,72560
"EN_1847_Aguilar,Grace_HomeInfluence_Novel.txt",198,English,1847,"Aguilar,Grace",HomeInfluence,female,third,170373
"EN_1847_Bronte,Charlotte_JaneEyre_Novel.txt",199,English,1847,"Bronte,Charlotte",JaneEyre,female,first,184426
"EN_1847_Bronte,Emily_WutheringHeights_Novel.txt",200,English,1847,"Bronte,Emily",WutheringHeights,female,first,115860
"EN_1847_Thackeray,William_VanityFair_Novel.txt",201,English,1847,"Thackeray,William",VanityFair,male,third,301792
"EN_1848_Bronte,Ann_TheTenantofWildfellHall_Novel.txt",202,English,1848,"Bronte,Ann",TheTenantofWildfellHall,female,first,164436
"EN_1848_Gaskell,Elizabeth_MaryBarton_Novel.txt",203,English,1848,"Gaskell,Elizabeth",MaryBarton,female,third,160438
"EN_1849_Kingsley,Charles_AltonLocke_Novel.txt",204,English,1849,"Kingsley,Charles",AltonLocke,male,third,167444
"EN_1850_Aguilar,Grace_ValeofCedars_Novel.txt",205,English,1850,"Aguilar,Grace",ValeofCedars,female,third,92739
"EN_1850_Hawthorne,Nathaniel_TheScarletLetter_Novel.txt",206,English,1850,"Hawthorne,Nathaniel",TheScarletLetter,male,third,82909
"EN_1850_Yonge,Charlotte_Henrietta'sWish_Novel.txt",207,English,1850,"Yonge,Charlotte",Henrietta'sWish,female,third,87636
"EN_1851_Hawthorne,Nathaniel_TheHouseoftheSevenGables_Novel.txt",208,English,1851,"Hawthorne,Nathaniel",TheHouseoftheSevenGables,male,third,102232
"EN_1851_Melville,Hermann_MobyDick_Novel.txt",209,English,1851,"Melville,Hermann",MobyDick,male,first,211806
"EN_1852_Collins,Wilkie_Basil_Novel.txt",210,English,1852,"Collins,Wilkie",Basil,male,first,113778
"EN_1853_Craik,Dinah_Agatha'sHusband_Novel.txt",211,English,1853,"Craik,Dinah",Agatha'sHusband,female,third,136286
"EN_1853_Kingsley,Charles_Hypatia_Novel.txt",212,English,1853,"Kingsley,Charles",Hypatia,male,third,162528
"EN_1853_Stowe,HarrietBeecher_UncleTom'sCabin_Novel.txt",213,English,1853,"Stowe,HarrietBeecher",UncleTom'sCabin,female,third,180498
"EN_1853_Yonge,Charlotte_TheHeirofRedcliffe_Novel.txt",214,English,1853,"Yonge,Charlotte",TheHeirofRedcliffe,female,third,233725
"EN_1854_Gaskell,Elizabeth_NorthandSouth_Novel.txt",215,English,1854,"Gaskell,Elizabeth",NorthandSouth,female,third,181288
"EN_1855_Trollope,FrancesMilton_TheWidowBarnaby_Novel.txt",216,English,1855,"Trollope,FrancesMilton",TheWidowBarnaby,female,third,195149
"EN_1856_Craik,Dinah_JohnHalifax_Novel.txt",217,English,1856,"Craik,Dinah",JohnHalifax,female,first,174665
"EN_1857_Trollope,Anthony_BarchesterTowers_Novel.txt",218,English,1857,"Trollope,Anthony",BarchesterTowers,male,first,197351
"EN_1859_Dickens,Charles_ATaleofTwoCities_Novel.txt",219,English,1859,"Dickens,Charles",ATaleofTwoCities,male,third,135584
"EN_1860_Collins,Wilkie_TheWomaninWhite_Novel.txt",220,English,1860,"Collins,Wilkie",TheWomaninWhite,male,third,244569
"EN_1860_Eliot,George_TheMillontheFloss_Novel.txt",221,English,1860,"Eliot,George",TheMillontheFloss,female,third,206026
"EN_1861_Dickens,Charles_GreatExpectations_Novel.txt",222,English,1861,"Dickens,Charles",GreatExpectations,male,first,184413
"EN_1862_Braddon,Mary_LadyAudley'sSecret_Novel.txt",223,English,1862,"Braddon,Mary",LadyAudley'sSecret,female,first,147928
"EN_1862_Eliot,George_Romola_Novel.txt",224,English,1862,"Eliot,George",Romola,female,third,226616
"EN_1864_Braddon,Mary_HenryDunbar_Novel.txt",225,English,1864,"Braddon,Mary",HenryDunbar,female,third,155214
"EN_1865_Carroll,Lewis_Alice'sAdventureinWonderland_Novel.txt",226,English,1865,"Carroll,Lewis",Alice'sAdventureinWonderland,male,third,26389
"EN_1869_Alcott,Louisa_LittleWomen_Novel.txt",227,English,1869,"Alcott,Louisa",LittleWomen,female,third,185853
"EN_1869_Blackmore,R.D._LornaDoone_Novel.txt",228,English,1869,"Blackmore,R.D.",LornaDoone,male,first,271612
"EN_1869_Trollope,Anthony_PhineasFinn_Novel.txt",229,English,1869,"Trollope,Anthony",PhineasFinn,male,third,260699
"EN_1871_Carroll,Lewis_ThroughtheLookingGlass.txt",230,English,1871,"Carroll,Lewis",ThroughtheLookingGlass.txt,male,third,29131
"EN_1874_Hardy,Thomas_FarFromtheMaddingCrowd_Novel.txt",231,English,1874,"Hardy,Thomas",FarFromtheMaddingCrowd,male,third,136819
"EN_1876_Trollope,FrancesEleanor_ACharmingFellow_Novel.txt",232,English,1876,"Trollope,FrancesEleanor",ACharmingFellow,female,third,182517
"EN_1876_Twain,Mark_TheAdventuresofTomSawyer_Novel.txt",233,English,1876,"Twain,Mark",TheAdventuresofTomSawyer,male,third,70122
"EN_1877_Sewell,Anna_BlackBeauty_Novel.txt",234,English,1877,"Sewell,Anna",BlackBeauty,female,first,59633
"EN_1881_James,Henry_PortraitofaLady_Novel.txt",235,English,1881,"James,Henry",PortraitofaLady,male,third,223806
"EN_1882_Stevenson,RobertLouis_TreasureIsland_Novel.txt",236,English,1882,"Stevenson,RobertLouis",TreasureIsland,male,first,67925
"EN_1883_Braddon,Mary_TheGoldenCalf_Novel.txt",237,English,1883,"Braddon,Mary",TheGoldenCalf,female,third,160164
"EN_1884_Lyall,Edna_WeTwo_Novel.txt",238,English,1884,"Lyall,Edna",WeTwo,female,third,170182
"EN_1884_Twain,Mark_TheAdventuresofHuckleberryFinn_Novel.txt",239,English,1884,"Twain,Mark",TheAdventuresofHuckleberryFinn,male,first,110101
"EN_1885_Barr,Amelia_JanVeeder'sWife_Novel.txt",240,English,1885,"Barr,Amelia",JanVeeder'sWife,female,third,64364
"EN_1886_Stevenson,RobertLouis_JekyllandHyde_Novel.txt",241,English,1886,"Stevenson,RobertLouis",JekyllandHyde,male,third,25594
"EN_1887_Bellamy,Edward_LookingBackward_Novel.txt",242,English,1887,"Bellamy,Edward",LookingBackward,male,first,77982
"EN_1888_Trollope,FrancesEleanor_ThatUnfortunateMarriage_Novel.txt",243,English,1888,"Trollope,FrancesEleanor",ThatUnfortunateMarriage,female,third,167875
"EN_1888_Ward,Mrs.Humphry_RobertElsmere_Novel.txt",244,English,1888,"Ward,Mrs.Humphry",RobertElsmere,female,third,285856
"EN_1889_Doyle,ArthurConan_TheMysteryoftheCloomber_Novel.txt",245,English,1889,"Doyle,ArthurConan",TheMysteryoftheCloomber,male,first,48734
"EN_1890_Broughton,Rhoda_Alas!_Novel.txt",246,English,1890,"Broughton,Rhoda",Alas!,female,third,149365
"EN_1890_Chopin,Kate_AtFault_Novel.txt",247,English,1890,"Chopin,Kate",AtFault,female,third,57541
"EN_1890_Wilde,Oscar_ThePictureofDorianGray_Novel.txt",248,English,1890,"Wilde,Oscar",ThePictureofDorianGray,male,third,78887
"EN_1891_Doyle,ArthurConan_TheDoingsofRafflesHaw_Novel.txt",249,English,1891,"Doyle,ArthurConan",TheDoingsofRafflesHaw,male,third,37939
"EN_1891_Gissing,George_NewGrubStreet_Novel.txt",250,English,1891,"Gissing,George",NewGrubStreet,male,third,185580
"EN_1891_Hardy,Thomas_TessoftheD'Urbervilles_Novel.txt",251,English,1891,"Hardy,Thomas",TessoftheD'Urbervilles,male,third,148451
"EN_1893_Gissing,George_TheOddWomen_Novel.txt",252,English,1893,"Gissing,George",TheOddWomen,male,third,138057
"EN_1893_Grand,Sarah_TheHeavenlyTwins_Novel.txt",253,English,1893,"Grand,Sarah",TheHeavenlyTwins,female,third,280635
"EN_1893_Harraden,Beatrice_ShipsThatPassintheNight_Novel.txt",254,English,1893,"Harraden,Beatrice",ShipsThatPassintheNight,female,third,37378
"EN_1894_Freeman,MaryWilkins_Pembroke_Novel.txt",255,English,1894,"Freeman,MaryWilkins",Pembroke,female,third,78862
"EN_1894_Hope,Anthony_ThePrisonerofZenda_Novel.txt",256,English,1894,"Hope,Anthony",ThePrisonerofZenda,male,first,53541
"EN_1894_Kipling,Rudyard_TheJungleBook_Novel.txt",257,English,1894,"Kipling,Rudyard",TheJungleBook,male,third,51455
"EN_1895_Crane,Stephen_TheRedBadgeofCourage_Novel.txt",258,English,1895,"Crane,Stephen",TheRedBadgeofCourage,male,third,46049
"EN_1895_Wells,H.G._TheTimeMachine_Novel.txt",259,English,1895,"Wells,H.G.",TheTimeMachine,male,first,32290
"EN_1897_Stoker,Bram_Dracula_Novel.txt",260,English,1897,"Stoker,Bram",Dracula,male,first,160108
"EN_1898_Crockett,SR_TheRedAxe_Novel.txt",261,English,1898,"Crockett,SR",TheRedAxe,male,first,110561
"EN_1899_Chopin,Kate_TheAwakening_Novel.txt",262,English,1899,"Chopin,Kate",TheAwakening,female,third,49702
"EN_1899_Conrad,Joseph_HeartofDarkness_Novel.txt",263,English,1899,"Conrad,Joseph",HeartofDarkness,male,third,37896
"EN_1900_Barr,Amelia_TheMaidofMaidenLane_Novel.txt",264,English,1900,"Barr,Amelia",TheMaidofMaidenLane,female,third,80379
"EN_1900_Dreiser,Theodore_SisterCarrie_Novel.txt",265,English,1900,"Dreiser,Theodore",SisterCarrie,male,third,156048
"EN_1900_Kipling,Rudyard_Kim_Novel.txt",266,English,1900,"Kipling,Rudyard",Kim,male,third,104785
"EN_1901_Norris,Frank_TheOctopus_Novel.txt",267,English,1901,"Norris,Frank",TheOctopus,male,third,195658
"EN_1902_Bellamy,Edward_Eleonora_Novel.txt",268,English,1902,"Bellamy,Edward",Eleonora,male,third,72785
"EN_1902_Bennett,Arnold_GrandBabylonHotel_Novel.txt",269,English,1902,"Bennett,Arnold",GrandBabylonHotel,male,third,67470
"EN_1903_James,Henry_TheAmbassadors_Novel.txt",270,English,1903,"James,Henry",TheAmbassadors,male,third,154779
"EN_1903_London,Jack_TheCalloftheWild_Novel.txt",271,English,1903,"London,Jack",TheCalloftheWild,male,third,31764
"EN_1903_Norris,Frank_ThePit_Novel.txt",272,English,1903,"Norris,Frank",ThePit,male,third,123831
"EN_1904_Murfree,MaryNoailles_TheFrontiersman_Novel.txt",273,English,1904,"Murfree,MaryNoailles",TheFrontiersman,female,third,65494
"EN_1905_Orczy,Emma_TheScarletPimpernel_Novel.txt",274,English,1905,"Orczy,Emma",TheScarletPimpernel,female,third,83906
"EN_1905_Wharton,Edith_TheHouseofMirth_Novel.txt",275,English,1905,"Wharton,Edith",TheHouseofMirth,female,third,129071
"EN_1906_London,Jack_WhiteFang_Novel.txt",276,English,1906,"London,Jack",WhiteFang,male,third,71951
"EN_1906_Sinclair,Upton_TheJungle_Novel.txt",277,English,1906,"Sinclair,Upton",TheJungle,male,third,149040
"EN_1906_Stein,Gertrude_ThreeLives_Novel.txt",278,English,1906,"Stein,Gertrude",ThreeLives,female,third,86050
"EN_1908_Forster,E.M._ARoomWithaView_Novel.txt",279,English,1908,"Forster,E.M.",ARoomWithaView,male,third,66445
"EN_1910_Forster,E.M._HowardsEnd_Novel.txt",280,English,1910,"Forster,E.M.",HowardsEnd,male,third,108619
"EN_1911_Barrie,J.M._PeterPan_Novel.txt",281,English,1911,"Barrie,J.M.",PeterPan,male,third,47295
"EN_1911_Wharton,Edith_EthanFrome_Novel.txt",282,English,1911,"Wharton,Edith",EthanFrome,female,first,34703
"EN_1912_Cather,Willa_Alexander'sBridge_Novel.txt",283,English,1912,"Cather,Willa",Alexander'sBridge,female,third,27130
"EN_1912_Dreiser,Theodore_TheFinancier_Novel.txt",284,English,1912,"Dreiser,Theodore",TheFinancier,male,third,193150
"EN_1913_Lawrence,D.H._SonsandLovers_Novel.txt",285,English,1913,"Lawrence,D.H.",SonsandLovers,male,third,160108
"EN_1915_Ford,FordMadox_TheGoodSoldier_Novel.txt",286,English,1915,"Ford,FordMadox",TheGoodSoldier,male,first,75153
"EN_1916_Joyce,James_APortraitoftheArtistasaYoungMan_Novel.txt",287,English,1916,"Joyce,James",APortraitoftheArtistasaYoungMan,male,third,84736
"EN_1917_Cahan,Abraham_TheRiseofDavidLevinsky_Novel.txt",288,English,1917,"Cahan,Abraham",TheRiseofDavidLevinsky,male,first,168791
"EN_1917_Lewis,Sinclair_TheInnocents_Novel.txt",289,English,1917,"Lewis,Sinclair",TheInnocents,male,third,41308
"EN_1917_Webb,Mary_GonetoEart_Novel.txt",290,English,1917,"Webb,Mary",GonetoEart,female,third,81446
"EN_1918_Lewis,Sinclai_TheJob_Nove.txt",291,English,1918,"Lewis,Sinclai",TheJob,male,third,90254
"EN_1920_DosPassos,John_ThreeSoldiers_Novel.txt",292,English,1920,"DosPassos,John",ThreeSoldiers,male,first,133832
"EN_1920_Fitzgerald,FScott_ThisSideofParadise_Novel.txt",293,English,1920,"Fitzgerald,FScott",ThisSideofParadise,male,third,71005
"EN_1920_Wharton,Edith_TheAgeofInnocence_Novel.txt",294,English,1920,"Wharton,Edith",TheAgeofInnocence,female,third,101167
"EN_1922_Fitzgerald,FScott_TheBeautifulandtheDamned_Novel.txt",295,English,1922,"Fitzgerald,FScott",TheBeautifulandtheDamned,male,third,123338
"EN_1922_Joyce,James_Ulysses_Novel.txt",296,English,1922,"Joyce,James",Ulysses,male,first,264170
"EN_1925_Woolf,Virginia_Mrs.Dalloway_Novel.txt",297,English,1925,"Woolf,Virginia",Mrs.Dalloway,female,third,63367
"EN_1927_Woolf,Virginia_TotheLighthouse_Novel.txt",298,English,1927,"Woolf,Virginia",TotheLighthouse,female,third,69276
"EN_1928_Woolf,Virginia_Orlando_Novel.txt",299,English,1928,"Woolf,Virginia",Orlando,female,third,78380
"EN_1930_Mansfield,Katherine_TheAloe_Novel.txt",300,English,1930,"Mansfield,Katherine",TheAloe,female,third,25870
"FR_1771_Dorat,ClaudeJoseph_LesSacrificesDeLAmour_Novel.txt",301,French,1771,"Dorat,ClaudeJoseph",LesSacrificesDeLAmour,male,first,68295
"FR_1772_Arnaud,FrancoisThomasMariedeBaculardd'_EpreuvesDuSentiment_Novel.txt",302,French,1772,"Arnaud,FrancoisThomasMariedeBaculardd'",EpreuvesDuSentiment,male,third,199419
"FR_1774_Mercier,LouisSebastian_LanDeuxMilleQuatreCentQuarante_Novel.txt",303,French,1774,"Mercier,LouisSebastian",LanDeuxMilleQuatreCentQuarante,male,first,63900
"FR_1775_Gerard,PhilippeLouis_LeComteDeValmont_Novel.txt",304,French,1775,"Gerard,PhilippeLouis",LeComteDeValmont,male,first,165746
"FR_1776_Riccoboni,MarieJeannedeHeurlesLaborasdeMezieres_LettresDeMylordRiversASirCharlesCardigan_Novel.txt",305,French,1776,"Riccoboni,MarieJeannedeHeurlesLaborasdeMezieres",LettresDeMylordRiversASirCharlesCardigan,female,first,44954
"FR_1779_LoaiselTreogate,JM_LucileEtMilcourt_Novel.txt",306,French,1779,"LoaiselTreogate,JM",LucileEtMilcourt,male,first,29046
"FR_1782_Genlis,StephanieFelicite,Comtessede_AdeleEtTheodoreOuLettresSurLEducation_Novel.txt",307,French,1782,"Genlis,StephanieFelicite,Comtessede",AdeleEtTheodoreOuLettresSurLEducation,female,first,239418
"FR_1782_Laclos,ChoderlosDe_LesLiaisonsDangereuses_Novel.txt",308,French,1782,"Laclos,ChoderlosDe",LesLiaisonsDangereuses,male,first,135547
"FR_1782_Lesuire,RobertMartin_L'AventurierFrancoisOuMemoiresDeGregoireMerveil_Novel.txt",309,French,1782,"Lesuire,RobertMartin",L'AventurierFrancoisOuMemoiresDeGregoireMerveil,male,first,50737
"FR_1783_Berquin,M.Arnaud_LAmiDesEnfants_Novel.txt",310,French,1783,"Berquin,M.Arnaud",LAmiDesEnfants,male,third,35204
"FR_1784_Diderot,Denis_JacquesLeFataliste_Novel.txt",311,French,1784,"Diderot,Denis",JacquesLeFataliste,male,third,85878
"FR_1784_Diderot,Denis_LaReligieuse_Novel.txt",312,French,1784,"Diderot,Denis",LaReligieuse,male,first,59722
"FR_1787_Beckford,William_VathekConteArabe_Novel.txt",313,French,1787,"Beckford,William",VathekConteArabe,male,third,32765
"FR_1787_Charriere,IsabelleDe_CalisteOuLettresDeLausanne_Novel.txt",314,French,1787,"Charriere,IsabelleDe",CalisteOuLettresDeLausanne,female,first,49111
"FR_1788_Florian,Jean-Pierre_Estelle_Novel.txt",315,French,1788,"Florian,Jean-Pierre",Estelle,male,first,32057
"FR_1795_Charriere,IsabelleDe_TroisFemmes_Novel.txt",316,French,1795,"Charriere,IsabelleDe",TroisFemmes,female,third,37828
"FR_1795_Genlis,StephanieFelicite,ComtesseDe_LesChevaliersDuCygneOuLaCourDeCharlemagne_Novel.txt",317,French,1795,"Genlis,StephanieFelicite,ComtesseDe",LesChevaliersDuCygneOuLaCourDeCharlemagne,female,first,177460
FR_1796_RestifdelabretonneNicholas_Histoiredesara_Novel.txt,318,French,1796,RestifdelabretonneNicholas,Histoiredesara,male,first,60062
"FR_1798_Fievee,Joseph_LaDotDeSuzanneOuHistoireDeMmeDeSenneterre_Novel.txt",319,French,1798,"Fievee,Joseph",LaDotDeSuzanneOuHistoireDeMmeDeSenneterre,male,first,30411
"FR_1799_Cottin,Sophie_ClairedAlbe_Novel.txt",320,French,1799,"Cottin,Sophie",ClairedAlbe,female,first,36616
"FR_1802_Stael,MadameDe_DelphineTome1_Novel.txt",321,French,1802,"Stael,MadameDe",DelphineTome1,female,first,146446
"FR_1802_Stael,MadameDe_DelphineTome2_Novel.txt",322,French,1802,"Stael,MadameDe",DelphineTome2,female,first,113414
"FR_1803_Krudener,Barbara_Valerie-Novel.txt",323,French,1803,"Krudener,Barbara",Valerie-Novel.txt,female,first,57944
"FR_1804_Genlis,StephanieFelicite,ComtesseDe_LaDuchesseDeLaValliere_Novel.txt",324,French,1804,"Genlis,StephanieFelicite,ComtesseDe",LaDuchesseDeLaValliere,female,third,76688
"FR_1804_Senancour,EtiennePivertDe_Obermann_Novel.txt",325,French,1840,"Senancour,EtiennePivertDe",Obermann,male,first,118961
"FR_1805_Cottin,MadameSophie_Mathilde_Novel.txt",326,French,1805,"Cottin,MadameSophie",Mathilde,female,third,178441
"FR_1807_Stael,MadameDe_CorinneOuLItalie_Novel.txt",327,French,1807,"Stael,MadameDe",CorinneOuLItalie,female,third,173032
"FR_1817_Genlis,StéphanieFélicité_InesdeCastro.txt",328,French,1817,"Genlis,StéphanieFélicité",InesdeCastro.txt,female,third,32564
"FR_1818_Nodier,Charles_JeanSbogar_Novel.txt",329,French,1818,"Nodier,Charles",JeanSbogar,male,first,41044
"FR_1821_Latouche,HenriDe_DernieresLettresDeDeuxAmansDeBarcelone_Novel.txt",330,French,1821,"Latouche,HenriDe",DernieresLettresDeDeuxAmansDeBarcelone,male,first,34869
"FR_1825_Duras,ClairedeDurfort_Edouard_Novel.txt",331,French,1825,"Duras,ClairedeDurfort",Edouard,female,first,31209
"FR_1829_Janin,JulesGabriel_L'aneMortEtLaFemmeGuillotinee_Novel.txt",332,French,1829,"Janin,JulesGabriel",L'aneMortEtLaFemmeGuillotinee,male,first,35583
"FR_1831_Hugo,Victor_Notre-DameDeParis_Novel.txt",333,French,1831,"Hugo,Victor",Notre-DameDeParis,male,third,168263
"FR_1831_Nodier,Charles_LaFeeAuxMiettes_Novel.txt",334,French,1831,"Nodier,Charles",La Fee Aux Miettes,male,first,58986
"FR_1831_Sue,Eugene_AtarGull_Novel.txt",335,French,1831,"Sue,Eugene",Atar-Gull,male,third,52912
"FR_1832_Karr,Alphonse_SousLesTilleuls_Novel.txt",336,French,1832,"Karr,Alphonse",SousLesTilleuls,male,third,110544
"FR_1833_Balzac,HonoreDe_EugénieGrandet_Novel.txt",337,French,1833,"Balzac,HonoreDe",EugénieGrandet,male,third,64100
"FR_1833_Borel,Petrus_ChampavertContesImmoraux_Novel.txt",338,French,1833,"Borel,Petrus",ChampavertContesImmoraux,male,third,52695
"FR_1833_Sand,George_Lelia_Novel.txt",339,French,1833,"Sand,George",Lelia--1839,female,third,65150
FR_1834_Stendhal_LeRougeEtLeNoir_Novel.txt,340,French,1834,Stendhal,LeRougeEtLeNoir,male,third,175248
"FR_1835_Vigny, AlfredDe_ServitudeEtGrandeurMiliitaires_Novel.txt",341,French,1835,"Vigny, AlfredDe",ServitudeEtGrandeurMiliitaires,male,first,57023
"FR_1836_Gozlan,Leon_LeNotaireDeChantilly_Novel.txt",342,French,1836,"Gozlan,Leon",LeNotaireDeChantilly,male,third,108731
"FR_1836_Musset,Alfred_Confessions_Novel.txt",343,French,1836,"Musset,Alfred",Confessions,male,first,88635
"FR_1837_Soulie,Frederic_Les Memoires du Diable_Novel.txt",344,French,1837,"Soulie,Frederic",Les Memoires du Diable,male,first,103293
"FR_1838_Dumas,Alexandre_LECAPITAINEPAUL_Novel.txt",345,French,1838,"Dumas,Alexandre",Le Capitaine Paul,male,first,60568
"FR_1838_Tristan,Flora_MephisTome1_Novel.txt",346,French,1838,"Tristan,Flora",MephisTome1,female,third,54903
"FR_1839_Dumas,Alexandre(père),_CapitanePamphileLe_Novel.txt",347,French,1839,"Dumas,Alexandre(père),",CapitanePamphileLe,male,first,65734
"FR_1839_Topffer,Rodolphe_NouvellesGenevoises_Novel.txt",348,French,1839,"Topffer,Rodolphe",NouvellesGenevoises,male,first,114062
"FR_1840_Merimee,Prosper_Colomba_Novel.txt",349,French,1840,"Merimee,Prosper",Colomba,male,third,44830
FR_1842_Dumas_ChevalierdHarmental_Novel.txt,350,French,1842,Dumas,ChevalierdHarmental,male,third,160591
"FR_1842_Reybaud,Louis_JeromePaturotALaRechercheD'unePositionSociale_Novel.txt",351,French,1842,"Reybaud,Louis",JeromePaturotALaRechercheD'unePositionSociale,male,first,131887
FR_1842_Stendhal_Lamiel_Novel.txt,352,French,1842,Stendhal,Lamiel,male,first,55654
"FR_1843_Balzac,HonoreDe_IllusionsPerdues_Novel.txt",353,French,1843,"Balzac,HonoreDe",IllusionsPerdues,male,third,228143
"FR_1843_Dumas,Alexandre(pere)_Ascanio_Novel.txt",354,French,1843,"Dumas,Alexandre(pere)",Ascanio,male,third,163860
"FR_1847_Gauthier,Theophile_Militona_Noel.txt",355,French,1847,"Gauthier,Theophile",Militona,male,third,37457
"FR_1848_Sandeaux,Jules_MademoiselleDeLaSeigliere_Novel.txt",356,French,1848,"Sandeaux,Jules",MademoiselleDeLaSeigliere,male,first,68009
"FR_1849_Dumas,Alexandre_MilleetunFantome_Novel.txt",357,French,1849,"Dumas,Alexandre",MilleetunFantome,male,first,254974
"FR_1849_Lamartine,Alphonse_Raphael_Novel.txt",358,French,1849,"Lamartine,Alphonse",Raphael,male,first,58544
"FR_1851_Dumas,Alexandre_OlympesDesCleves_Novel.txt",359,French,1851,"Dumas,Alexandre",OlympesDesCleves,male,first,238970
"FR_1851_Lamartine,AlphonseDe_Tailleurdepierres_Novel.txt",360,French,1851,"Lamartine,AlphonseDe",Tailleurdepierres,male,first,56552
"FR_1851_Murger,Henri_ScènesviedeBohème_Novel.txt",361,French,1851,"Murger,Henri",Scènes vie de Bohème,male,third,99647
"FR_1851_Murger,Henri_ScenesViedeJeunesse_Novel.txt",362,French,1851,"Murger,Henri",Scenes Vie de Jeunesse,male,third,40346
FR_1853_Champfleury_AventuresdeMelleMariette_Novel.txt,363,French,1853,Champfleury,AventuresdeMelleMariette,male,third,81114
"FR_1853_DuCamp,Maxime_Memoiresd'uneSuicide_Novel.txt",364,French,1853,"DuCamp,Maxime",Memoiresd'uneSuicide,male,first,81272
FR_1855_Champfleury_LesBourgeoisDeMolinchart_Novel.txt,365,French,1855,Champfleury,LesBourgeoisDeMolinchart,male,third,93333
"FR_1856_Flaubert,Gustave_MadameBovary_Novel.txt",366,French,1856,"Flaubert,Gustave",MadameBovary,male,third,112452
"FR_1857_About,Edmund_Leroidesmontagnes_Novel.txt",367,French,1857,"About,Edmund",Le roi des montagnes,male,first,63585
"FR_1858_Dumas,Alexandre_LECAPITAINERICHARD_Novel.txt",368,French,1858,"Dumas,Alexandre",Le Capitaine Richard,male,third,73896
"FR_1858_Gauthier,Theophile_Leromandelamomie_Novel.txt",369,French,1858,"Gauthier,Theophile",Leromandelamomie,male,third,55776
"FR_1859_Dumas,Alexandre_AventuredAmour_Novel.txt",370,French,1859,"Dumas,Alexandre",AventuredAmour,male,first,31111
"FR_1860_Duranty,Louis_Lemalheurd'HenrietteGerard_Novel.txt",371,French,1860,"Duranty,Louis",Lemalheurd'HenrietteGerard,male,third,110077
"FR_1861_Goncourt,EdmondDe_SoeurPhilomene_Novel.txt",372,French,1861,"Goncourt,EdmondDe",SoeurPhilomene,male,third,51304
"FR_1862_Hugo,Victor_LesMiserables_Novel.txt",373,French,1862,"Hugo,Victor",LesMiserables,male,third,510455
"FR_1862_Reider,Paul_Mademoiselle Vallantin_Novel.txt",374,French,1862,"Reider,Paul",Mademoiselle Vallantin,male,third,48746
"FR_1863_Gautier,Theophile_LeCapitaineFracasseTexteComplet1863_Novel.txt",375,French,1863,"Gautier,Theophile",LeCapitaineFracasseTexteComplet1863,male,third,185274
"FR_1864_Erckmann,Emile_LamiFritz_Novel.txt",376,French,1864,"Erckmann,Emile",LamiFritz,male,third,61917
"FR_1864_Erckmann,Emile_LeConscritde1813_Novel.txt",377,French,1864,"Erckmann,Emile",Le Conscrit de 1813,male,first,62528
"FR_1864_Goncourt,Edmundde_Renee Mauperin_Novel.txt",378,French,1864,"Goncourt,Edmundde",Renee Mauperin,male,third,63357
"FR_1864_Segur,Sophie,ComtesseDe_LesMalheursDeSophie_Novel.txt",379,French,1864,"Segur,Sophie,ComtesseDe",LesMalheursDeSophie,female,third,33368
"FR_1865_Dumas,Alexandre_LEFILSDUFORÇAT_Novel.txt",380,French,1865,"Dumas,Alexandre",Le fils du forçat,male,third,64609
"FR_1865_Merimee,Prosper_Cosaquesd'autrefois_Novel.txt",381,French,1865,"Merimee,Prosper",Cosaquesd'autrefois,male,third,67552
"FR_1865_Verne,Jules_Delaterrealalune_Novel.txt",382,French,1865,"Verne,Jules",Delaterrealalune,male,third,52889
"FR_1868_Daudet,Alphonse_LePetitChose_Novel.txt",383,French,1868,"Daudet,Alphonse",LePetitChose,male,first,81155
"FR_1869_Flaubert,Gustave_L'ÉducationSentimentale_Novel.txt",384,French,1869,"Flaubert,Gustave",L'ÉducationSentimentale,male,third,153561
"FR_1869_Goncourt,EdmondDe_MadameGervaisais_Novel.txt",385,French,1869,"Goncourt,EdmondDe",MadameGervaisais,male,third,57255
"FR_1870_Verne,Jules_Vingtmillelieuessouslesmers_Novel.txt",386,French,1870,"Verne,Jules",Vingtmillelieuessouslesmers,male,first,139360
"FR_1871_Zola,Emile_LafortunedesRougon_Novel.txt",387,French,1871,"Zola,Emile",LafortunedesRougon,male,third,117139
"FR_1873_Verne,Jules_LeTourduMondeEn80Jours_Novel.txt",388,French,1873,"Verne,Jules",Le Tour du Monde En 80 Jours,male,third,66436
"FR_1873_Zola,Emile_LeventredeParis_Novel.txt",389,French,1873,"Zola,Emile",LeventredeParis,male,third,110565
"FR_1874_Gobineau,Arthur,comtede_LesPleiadesroman_Novel.txt",390,French,1874,"Gobineau,Arthur,comtede",LesPleiadesroman,male,first,112925
"FR_1874_Verne,Jules_LileMysterieuse_Novel.txt",391,French,1874,"Verne,Jules",LileMysterieuse,male,third,193233
"FR_1875_Theuriet,Andre_LeMariagedeGerard_Novel.txt",392,French,1875,"Theuriet,Andre",Le Mariage de Gerard,male,third,44291
"FR_1877_Flaubert,Gustave_TroisContes_Novel.txt",393,French,1877,"Flaubert,Gustave",TroisContes,male,third,29693
"FR_1878_Daudet,Alphonse_LeNabob_Novel.txt",394,French,1878,"Daudet,Alphonse",LeNabob,male,third,134323
"FR_1879_Cladel,Leon_OMPDRAILLES_Novel.txt",395,French,1879,"Cladel,Leon",OMPDRAILLES,male,third,60070
"FR_1879_Huysman,JK_LesSoeursVatard_Novel.txt",396,French,1879,"Huysman,JK",Les Soeurs Vatard,male,third,63567
"FR_1879_Loti,Pierre_Aziyade_Novel.txt",397,French,1879,"Loti,Pierre",Aziyade,male,first,50014
"FR_1879_Theuriet,Andre_LamaisondesdeuxBarbeaux_Novel.txt",398,French,1879,"Theuriet,Andre",LamaisondesdeuxBarbeaux,male,third,29249
"FR_1879_Verne,Jules_500 Millions de la Begum_Novel.txt",399,French,1879,"Verne,Jules",500 Millions de la Begum,male,third,51235
"FR_1881_France,Anatole_Lecrimedesylvestrebonnard_Novel.txt",400,French,1881,"France,Anatole",Lecrimedesylvestrebonnard,male,first,55372
"FR_1882_Zola,Emile_Potbouille_Novel.txt",401,French,1882,"Zola,Emile",Potbouille,male,third,135137
"FR_1883_Maupassant,Guy_UneVie_Novel.txt",402,French,1883,"Maupassant,Guy",UneVie,male,third,75717
"FR_1883_Zola,Emile_AuBonheurdesDames_Novel.txt",403,French,1883,"Zola,Emile",AuBonheurdesDames,male,third,147295
"FR_1884_Bourges,Elemir_LeCrepusculedesDieux_Novel.txt",404,French,1884,"Bourges,Elemir",LeCrepusculedesDieux,male,third,74387
"FR_1884_Huysman,JK_ARebours_Novel.txt",405,French,1884,"Huysman,JK",ARebours,male,third,63893
"FR_1884_Peladin,Josephin_LeViceSupreme_Novel.txt",406,French,1884,"Peladin,Josephin",LeViceSupreme,male,third,88646
FR_1885_Rachilde_Nono_Novel.txt,407,French,1885,Rachilde,Nono,female,third,38374
"FR_1886_Bloy,Leon_LeDésespéré_Novel.txt",408,French,1886,"Bloy,Leon",LeDésespéré,male,third,103939
"FR_1886_Verne,Jules_RoburLeConquerant_Novel.txt",409,French,1886,"Verne,Jules",RoburLeConquerant,male,third,57317
"FR_1887_Loti,Pierre_MadameChrysantheme_Novel.txt",410,French,1887,"Loti,Pierre",MadameChrysantheme,male,first,45631
FR_1887_Rachilde_LaMarquiseDeSade_Novel.txt,411,French,1887,Rachilde,LaMarquiseDeSade,female,third,85380
"FR_1888_Barres,Maurice_Sousloeilsdesbarbares_Novel.txt",412,French,1888,"Barres,Maurice",Sousloeilsdesbarbares,male,first,24963
"FR_1888_Zola,Emile_LeReve_Novel.txt",413,French,1888,"Zola,Emile",LeReve,male,third,66345
"FR_1889_Barres,Maurice_UnHommeLibre_Novel.txt",414,French,1889,"Barres,Maurice",UnHommeLibre,male,first,34985
"FR_1889_Bourget,Paul_LeDisciple_Novel.txt",415,French,1889,"Bourget,Paul",LeDisciple,male,third,80367
"FR_1889_Goncourt,Edmundde_GerminieLacerteux_Novel.txt",416,French,1889,"Goncourt,Edmundde",GerminieLacerteux,male,third,64494
"FR_1891_Barrès,Maurice_LeJardindeBerenice_Novel.txt",417,French,1891,"Barres,Maurice",LeJardindeBerenice,male,first,31750
"FR_1891_Zola,Emile_LaBeteHumaine_Novel.txt",418,French,1891,"Zola,Emile",LaBeteHumaine,male,third,125358
"FR_1891_Zola,Emile_Largent_Novel.txt",419,French,1891,"Zola,Emile",Largent,male,third,142738
"FR_1892_Zola,Emile_LaDebacle_Novel.txt",420,French,1892,"Zola,Emile",LaDebacle,male,third,186754
"FR_1893_Rachilde,MargueriteEymery_Lanimale_Novel.txt",421,French,1893,"Rachilde,MargueriteEymery",Lanimale,female,third,66450
"FR_1894_France,Anatole_LeLysRouge_Novel.txt",422,French,1894,"France,Anatole",LeLysRouge,male,third,78169
"FR_1894_Renard,Jules_PoilDeCarrotte_Novel.txt",423,French,1894,"Renard,Jules",PoilDeCarrotte,male,third,32936
"FR_1896_Estaunie,Eduard_Lempreinte_Novel.txt",424,French,1896,"Estaunie,Eduard",Lempreinte,male,third,68747
"FR_1897_Bloy,Leon_LaFemmePauvre_Novel.txt",425,French,1897,"Bloy,Leon",LaFemmePauvre,male,third,89542
"FR_1897_France,Anatole_LormeduMail_Novel.txt",426,French,1897,"France,Anatole",LormeduMail,male,first,45623
"FR_1899_Vogue,Eugene_LesMortsQuiParlent_Novel.txt",427,French,1899,"Vogue,Eugene",LesMortsQuiParlent,male,third,97295
FR_1900_Colette_Claudineal'ecole_Novel.txt,428,French,1900,Colette,Claudineal'ecole,female,first,72360
"FR_1900_Mirbeau,Octave_LeJournalduneFemmedeChambre_Novel.txt",429,French,1900,"Mirbeau,Octave",LeJournalduneFemmedeChambre,male,first,107937
FR_1900_Rachilde_LaJongieuse_Novel.txt,430,French,1900,Rachilde,LaJongieuse,female,third,48979
"FR_1902_Adam,Paul_L'enfantd'Austerlitz_Novel.txt",431,French,1902,"Adam,Paul",L'enfantd'Austerlitz,male,first,153005
"FR_1904_Frapie,Leon_LaMaternelle,Roman_Novel.txt",432,French,1904,"Frapie,Leon","LaMaternelle,Roman",male,first,66548
"FR_1907_Bazin,Rene_LeBlequiLeve_Novel.txt",433,French,1907,"Bazin,Rene",LeBlequiLeve,male,third,82043
"FR_1907_Farrere,Claude_LhommeQuiAssassina_Novel.txt",434,French,1907,"Farrere,Claude",LhommeQuiAssassina,male,first,52463
"FR_1908_Leroux,Gaston_LeParfumdelaDameenNoir_Novel.txt",435,French,1908,"Leroux,Gaston",LeParfumdelaDameenNoir,male,first,94108
"FR_1912_Rolland,Romain_LaNouvelleJournee_Novel.txt",436,French,1912,"Rolland,Romain",LaNouvelleJournee,male,first,55587
"FR_1913_Proust,Marcel_DuCotedeChezSwann_Novel.txt",437,French,1913,"Proust,Marcel",DuCotedeChezSwann,male,first,166260
"FR_1913_Romains,Jules_LesCopains_Novel.txt",438,French,1913,"Romains,Jules",LesCopains,male,third,32201
"FR_1915_Benjamin,Rene_Gaspard_Novel.txt",439,French,1915,"Benjamin,Rene",Gaspard,male,first,55615
"FR_1915_Bourget,Paul_LeSensDeLaMort_Novel.txt",440,French,1915,"Bourget,Paul",LeSensDeLaMort,male,first,45986
"FR_1919_Benoit,Pierre_Latlantide_Novel.txt",441,French,1919,"Benoit,Pierre",Latlantide,male,first,61100
"FR_1920_Duhamel,Georges_LaConfessiondeMinuit_Novel.txt",442,French,1920,"Duhamel,Georges",LaConfessiondeMinuit,male,first,34738
"FR_1921_Chardonne,Jacques_Lepithaleme_Novel.txt",443,French,1921,"Chardonne,Jacques",Lepithaleme,male,third,85291
"FR_1922_Proust,Marcel_LaFugitive_Novel.txt",444,French,1922,"Proust,Marcel",LaFugitive,male,first,104493
"FR_1925_Gide,Andre_LesFauxmonnayeurs_Novel.txt",445,French,1925,"Gide,Andre",LesFauxmonnayeurs,male,third,109149
"FR_1926_Giraudoux,Jean_Bella_Novel.txt",446,French,1926,"Giraudoux,Jean",Bella,male,first,47928
"FR_1926_Ramuz,CharlesFerdinand_GrandePeurDanslaMontagne_Novel.txt",447,French,1926,"Ramuz,CharlesFerdinand",GrandePeurDanslaMontagne,male,first,49205
"FR_1927_Bernanos,Georges_Limposture_Novel.txt",448,French,1927,"Bernanos,Georges",Limposture,male,third,79206
"FR_1927_Duhamel,Georges_JournaldeSalavin_Novel.txt",449,French,1927,"Duhamel,Georges",JournaldeSalavin,male,first,41694
"FR_1929_Dabit,Eugene_LhotelduNord_Novel.txt",450,French,1929,"Dabit,Eugene",LhotelduNord,male,third,35214
